y_order,u_order,dead_time,,a_1,a_2,a_3,a_4,a_5,a_6,a_7,a_8,a_9,a_10,b_1,b_2,b_3,b_4,b_5,b_6,b_7,b_8,b_9,b_10,
10,6,1,,-1.03384,0.0888059,0.0115427,0.241738,-0.16637,0.010767,-0.125793,0.108855,0.0375979,-0.0515448,0.333104,0.2647,-0.0902016,-0.0431432,0.044995,0.0646701,0,0,0,0,