y_order,u_order,dead_time,,a_1,a_2,a_3,a_4,a_5,a_6,a_7,a_8,a_9,a_10,b_1,b_2,b_3,b_4,b_5,b_6,b_7,b_8,b_9,b_10,
6,2,1,,-0.913256,0.118812,-0.0751419,0.0597122,-0.0268142,-0.0321367,0,0,0,0,0.338375,0.307682,0,0,0,0,0,0,0,0,